"","Dim.1","Dim.2","Dim.3","Dim.4","Dim.5","Dim.6","Dim.7"
"Acanthosaura_armata",0.350944845598257,1.82320884770331,1.15123189305314,1.32665235040163,-0.420353162641435,-1.33675620879793,1.41338285520352
"Acanthosaura_lepidogaster",1.4657779776399,1.13512441445283,2.56854326352659,0.382408425244591,1.3042795197414,-0.454148972612734,1.06708532871956
"Acanthosaura_tongbiguanensis",0.725455119745619,0.322263905405174,0.0649608572620316,-0.632764078925035,0.143989552735814,-0.690290861272952,-0.547023622328389
"Calotes_emma",-0.541641001014393,1.05509714680995,0.924676934552151,0.922023199721359,-0.97143639020504,-0.352763998153696,0.702524441782543
"Calotes_jerdoni",0.765059977546074,1.63042411761473,1.63445734790148,1.03117243014358,0.180766456608256,-1.08941056867164,1.33180074701463
"Calotes_medogensis",0.679626760798862,1.55690485481494,1.61277280187353,0.992443640007041,0.128019919112882,-0.995228457081403,1.26376144173005
"Calotes_mystaceus",0.0953208671785268,0.504932322155661,1.84258035314149,0.24435711263092,0.112713585244996,0.352782755808366,0.387033422528831
"Calotes_versicolor",2.10333929664894,1.68377562937665,2.73036823388444,0.671429247159066,1.69791039657256,-1.15700055164433,1.57484133830597
"Diploderma_batangense",-0.776686219802649,0.277494114715479,-0.572534012219598,0.39430516069428,1.28337910793166,-0.683226506074358,0.749522569061193
"Diploderma_brevicaudum",0.520555692373955,0.11110465387585,0.0369382072220474,-0.756300454122775,0.0393967596855353,-0.419760572987931,-0.736301232183283
"Diploderma_brevipes",-0.709957189232781,0.910253226070061,0.881955142377683,0.845721702735939,-1.07535494168846,-0.167211181289356,0.568476855251728
"Diploderma_chapaense",-1.17364552829685,-0.181405358030404,-0.592524934099362,0.111142326005408,1.11208246840468,-0.095270956535397,0.345511747565051
"Diploderma_drukdaypo",-1.55745173835815,-0.328820912214843,-0.815854918239014,0.0980630192275161,0.760086780515847,0.0934503594299782,0.176838755364573
"Diploderma_dymondi",-0.318794264769289,0.697717052244232,1.35935489829314,0.539837032888968,-0.488406034004694,0.105437115682073,0.468615530717723
"Diploderma_fasciatum",0.445679867225441,0.257282470574707,2.30962331095404,-0.0800248898185779,0.674470116811571,0.670413553837816,0.254675713381295
"Diploderma_flaviceps",-0.0321913966232793,0.395202079170896,1.81021535906992,0.186552948248023,0.0339874098787662,0.493353071614684,0.285482220611547
"Diploderma_grahami",-1.24241492542343,-0.224333058053289,-0.621169850753416,0.0942676828974548,1.05940108542117,-0.0402894635312577,0.302918103616645
"Diploderma_iadinum",-1.52493687328601,-0.298024146401693,-0.809541129204185,0.115280772007932,0.778389939009068,0.0539961147712534,0.204843412071543
"Diploderma_laeviventre",-1.49357295289486,-0.268542865520912,-0.803295663960416,0.131690763923038,0.796186972909838,0.0162273005235104,0.231687952729224
"Diploderma_luei",-0.79666552861801,0.835636660840421,0.859946946409016,0.80641487095557,-1.1288887409375,-0.0716233665410589,0.499422037947975
"Diploderma_makii",-0.709957189232781,0.910253226070061,0.881955142377683,0.845721702735939,-1.07535494168846,-0.167211181289356,0.568476855251728
"Diploderma_menghaiense",0.324502882298681,0.162489607967489,-0.16437101194911,-0.651507591421844,-0.220099451154506,-0.485738983308418,-0.727556694896529
"Diploderma_micangshanense",-0.669153264816202,0.945366903825186,0.892311940480585,0.864219035338466,-1.05016256557127,-0.212193682347378,0.600973239865259
"Diploderma_polygonatum",0.314678252034325,0.157980695536131,-0.169581442393563,-0.652489473204607,-0.228647202908725,-0.479965541595263,-0.732425266954358
"Diploderma_slowinskii",0.59643166927527,0.279500203543114,-0.0147926904364381,-0.631183880751513,0.0213868052798774,-0.635555270368094,-0.598637489562947
"Diploderma_splendidum",-0.255038132868385,0.752582173736615,1.37553739532893,0.568739115080416,-0.44904294632158,0.035151957778914,0.519391131676365
"Diploderma_swild",-0.408922955132009,0.479030214576944,1.43365096818029,0.374799442276869,-0.455275237827208,0.385683825722854,0.291114337894099
"Diploderma_swinhonis",-0.510062660472,0.533121687767085,1.31080740718579,0.453130786314625,-0.606495297054038,0.316292589391551,0.316288727841799
"Diploderma_varcoae",-0.414128737212588,1.16482738979472,0.957041928623723,0.979827364104257,-0.89271021483881,-0.493334313960015,0.804075643699825
"Diploderma_vela",-1.23433172689393,-0.256722958318493,-0.592026728802762,0.0633108012184889,1.08914230203211,0.00123082166142042,0.279880419293899
"Diploderma_yulongense",0.200818960240404,0.075272269618693,-0.208997087176721,-0.690665614440231,-0.308551424486542,-0.374022135144156,-0.811661883633677
"Diploderma_yunnanense",-0.477884869113491,1.10996226830233,0.940859431587939,0.950925281912809,-0.932073302521925,-0.423049156056856,0.753300042741183
"Diploderma_zhaoermii",0.43807682500217,0.210810974763668,-0.101519786335988,-0.64350256134397,-0.118894584073792,-0.547607220263999,-0.674123755523483
"Draco_blanfordii",-0.898675339659455,0.747852466452609,0.834054951151761,0.760171539449253,-1.19186968123048,0.040832886103996,0.418181076414149
"Draco_maculatus",-0.68857982979453,0.379499347588413,1.26549641548559,0.372204956178571,-0.716711942566759,0.513091031520397,0.174117045157602
"Japalura_andersoniana",-0.255038132868385,0.752582173736615,1.37553739532893,0.568739115080416,-0.44904294632158,0.035151957778914,0.519391131676365
"Japalura_tricarinata",-0.486158649550178,0.461694770618159,1.38021918910082,0.38301672422837,-0.533865666031962,0.407857632756523,0.266407926796317
"Laudakia_himalayana",-1.43562135019901,-0.156118220320712,-0.831658201457124,0.2130044946287,0.792616176179465,-0.127837756474903,0.324702328352556
"Laudakia_papenfussi",0.490393845311342,0.270282202636448,-0.098190240855048,-0.607071260083874,-0.0956838280490248,-0.623802995594314,-0.62163337737864
"Laudakia_sacra",-0.522323065717098,0.377505025283212,-0.426117203180088,0.405008526409873,1.51520523779621,-0.811263989688131,0.863041353461263
"Laudakia_stoliczkana",-0.414237366893618,-0.0786322879687955,-0.0205677341035118,-0.0292013883671265,1.92738203616695,-0.226549591626675,0.53773636067089
"Laudakia_tuberculata",-1.17871149888835,0.36180229370073,-0.970836146764411,0.59066053434042,0.764505885350682,-0.791526029782417,0.751676178007319
"Laudakia_wui",-0.522323065717098,0.377505025283212,-0.426117203180088,0.405008526409873,1.51520523779621,-0.811263989688131,0.863041353461263
"Leiolepis_reevesii",-0.220115916541334,0.332807269666567,-0.742577961323165,-0.336138258917717,-0.958304650963232,-0.704364957463716,-0.682608247989851
"Calotes_paulus",0.391316708165962,0.171316065285142,-0.113900896332784,-0.664045002258148,-0.1482325535221,-0.497012639284753,-0.710806057693389
"Phrynocephalus_alpherakii",0.20824740856361,0.0892969530187251,-0.212366702610974,-0.680582452265496,-0.30876612728007,-0.391993760010777,-0.800028363792868
"Phrynocephalus_axillaris",-0.373130633103503,0.201130978084849,-0.781415954209048,-0.405503256177192,-1.05277606140271,-0.535680578496134,-0.804469690290591
"Phrynocephalus_erythrurus",0.854759735234862,-1.4213073111533,-1.4744165470173,-0.529309552689114,-1.9272902162858,0.0673095883043327,1.07500330700325
"Phrynocephalus_forsythii",1.1607891683592,-1.15795472798987,-1.39674056124553,-0.390579558170164,-1.73834739540685,-0.270059169630832,1.31872619160473
"Phrynocephalus_grumgrzimailoi",0.467850857172312,-0.173465457793817,0.188271454894793,-0.990682680255001,0.157335794633296,-0.0550463298241826,-0.95747878647665
"Phrynocephalus_helioscopus",0.219501668166844,0.161968588174949,-0.252879507660509,-0.620057346299187,-0.341439796640296,-0.485133380498689,-0.743880115795288
"Phrynocephalus_melanurus",-0.296623274822418,0.266969123875708,-0.761996957766106,-0.370820757547455,-1.00554035618297,-0.620022767979925,-0.743538969140221
"Phrynocephalus_mystaceus",-0.0671011999791654,0.464483561248285,-0.703739968437282,-0.266773261658242,-0.863833240523756,-0.873049336431299,-0.560746805689111
"Phrynocephalus_nasatus",-1.26362867872365,-0.238376654943778,-0.629454335055999,0.0883570791370494,1.04365423440943,-0.0223017638395256,0.289178603381906
"Phrynocephalus_przewalskii",0.767204951698502,-0.465007406568677,0.642368415078723,-1.33818634845766,0.687601856053379,0.318812594527796,-1.1304569763911
"Phrynocephalus_putjatai",1.65748754637013,-1.8288228199274,-0.51443863613493,-1.13183022608179,-0.740796212859665,0.59011493171818,0.891528850242009
"Phrynocephalus_theobaldi",1.55547773532869,-1.91660701431521,-0.540330631392185,-1.17807355758811,-0.803777153152648,0.702571184363235,0.810287888708182
"Phrynocephalus_versicolor",0.830961083599406,-0.410142285076294,0.658550912114508,-1.30928426626621,0.726964943736494,0.248527436624637,-1.07968137543246
"Phrynocephalus_vlangalii",1.75949735741158,-1.74103862553958,-0.488546640877675,-1.08558689457547,-0.677815272566681,0.477658679073124,0.972769811775835
"Physignathus_cocincinus",1.7840162488451,-1.04500105897296,0.0113282454196197,4.34519128055342,0.793318850616207,-0.902010390942793,-1.76496306040273
"Pseudocalotes_austeniana",0.768199134439583,0.473640198846277,-0.00309256059536886,-0.512554637367286,0.0982946047272967,-0.884290892549595,-0.427137030210613
"Pseudocalotes_brevipes",-1.11544618812253,0.561311053378508,0.779034461230094,0.66190445999833,-1.32570417935307,0.279802422974738,0.245544033154767
"Pseudocalotes_kakhienensis",-0.860421660518913,0.780771539348038,0.843764449373232,0.777512788764121,-1.16825182862061,-0.00133820863789935,0.448646436989334
"Pseudocalotes_kingdonwardi",-0.637574924273807,0.423391444782319,1.27844241311422,0.395326621931729,-0.685221472420267,0.45686290519787,0.214737525924515
"Pseudocalotes_microlepis",-0.637574924273807,0.423391444782319,1.27844241311422,0.395326621931729,-0.685221472420267,0.45686290519787,0.214737525924515
"Ptyctolaemus_gularis",-0.171855435989154,1.37331485146577,1.0185354173597,1.08965527643176,-0.743130481642975,-0.760417913992021,0.997022927342663
"Trapelus_sanguinolentus",0.605369922385757,0.943853294094722,1.97204032942776,0.475573770162502,0.427618286709913,-0.20949850741691,0.793238230197962
"Dopasia_gracilis",2.53057585683708,4.25426373222891,-2.7184356315509,0.297376398507019,0.505117516660293,3.34986554614406,-0.435604862444527
"Dopasia_hainanensis",3.77412015431276,5.87354162111942,-2.78091616346885,1.34431045574271,0.927438177171585,1.27510580053562,0.966142870669046
"Dopasia_harti",1.98894846108746,4.33731821933271,-3.23402608047082,0.535052154382171,-0.174728277955626,3.24309022182408,-0.455573956172917
"Dibamus_bogadeki",2.76774866750844,4.45836198418057,-2.65823674257779,0.404892144259207,0.651548202841479,3.0884047587443,-0.24671962687838
"Dibamus_bourreti",2.41738966746153,4.70601183576152,-3.12527970039034,0.729274146708704,0.0897916712749038,2.77077396071485,-0.114361917730845
"Goniurosaurus_araneus",-1.46210103070326,-0.195735385511313,-0.826790888883522,0.186191479712652,0.786854669361146,-0.0770744596467088,0.291005837647292
"Goniurosaurus_bawanglingensis",-1.81627281789738,-0.186848921223096,-1.13266111712226,0.301639712425941,0.370875008519535,-0.0886744507508236,0.243920168420903
"Goniurosaurus_hainanensis",-1.81627281789738,-0.186848921223096,-1.13266111712226,0.301639712425941,0.370875008519535,-0.0886744507508236,0.243920168420903
"Goniurosaurus_kadoorieorum",-1.4605652985,-0.146840843518012,-0.859157288947501,0.228748022714376,0.757876902807672,-0.139743738701555,0.327867241506178
"Goniurosaurus_kwangsiensis",-1.48919735773261,-0.218179121822459,-0.834270173988704,0.174677082626946,0.769575635811326,-0.048323433554168,0.270080906564671
"Goniurosaurus_liboensis",-1.81627281789738,-0.186848921223096,-1.13266111712226,0.301639712425941,0.370875008519535,-0.0886744507508236,0.243920168420903
"Goniurosaurus_lichtenfelderi",-1.46591381785047,-0.434498772804049,-0.665618159309698,-0.0227422900235563,0.93263154008611,0.228956347278627,0.111562459273368
"Goniurosaurus_luii",-1.4888660253348,-0.454250216541307,-0.671443858242581,-0.0331470396124776,0.918460828520189,0.254259004123765,0.0932832429282571
"Goniurosaurus_sinensis",0.364985675005844,0.187949239684023,-0.147638743718505,-0.64140744869314,-0.189206271944124,-0.51834767817472,-0.702341175068828
"Goniurosaurus_yingdeensis",-1.46591381785047,-0.434498772804049,-0.665618159309698,-0.0227422900235563,0.93263154008611,0.228956347278627,0.111562459273368
"Goniurosaurus_zhelongi",-1.56090238754417,-0.250270257043721,-0.872861125700113,0.16822984453425,0.706675870793017,-0.00723336026530691,0.235159799279562
"Goniurosaurus_zhoui",-1.61779604483716,-0.327141430860496,-0.868083415008918,0.117878789839767,0.689107517505772,0.0912619453714055,0.168940130808828
"Alsophylax_pipiens",-1.24306708160537,-0.791878867369768,-0.230940195568711,-0.404928456855949,1.41566189628646,0.687157461114397,-0.12234645179145
"Alsophylax_przewalskii",-1.88002894979829,-0.241714042715478,-1.14884361415804,0.272737630234493,0.33151192083642,-0.0183892928476642,0.193144567462262
"Altiphylax_stoliczkai",-1.57709787985325,-0.362343222919879,-0.809400664685283,0.0745363459315753,0.758409515346706,0.136405673841627,0.148745038899052
"Cyrtodactylus_cayuensis",-1.36748586615148,-0.10434862629869,-0.809637847881075,0.23785192710781,0.83900100348414,-0.194152652112787,0.373823509080518
"Cyrtodactylus_tibetanus",0.155745536265941,0.107103466682566,-0.269062004696294,-0.648959428490635,-0.380802884323411,-0.414848222595529,-0.79465571675393
"Cyrtodactylus_wayakonei",-1.61420796496401,-0.32967765070336,-0.863300356955329,0.114556744354867,0.694860551691428,0.0945148507437467,0.16758463535364
"Cyrtodactylus_zhaoermii",-0.575909199562016,0.535299233319764,-0.580118182666286,0.560138872749616,1.35385241266193,-1.01354720456841,0.973118454726016
"Cyrtopodion_medogense",-1.61942978541355,-0.325986627897787,-0.870261258395259,0.119391398448601,0.686488020248525,0.0897808179478669,0.169557321062265
"Gehyra_mutilata",-1.30671458382524,0.396715688901361,0.73048697012274,0.575198213423986,-1.44379344240242,0.490657896684216,0.0932172302788428
"Gekko_adleri",-1.2893145072133,0.0111810869927803,-0.823025481166721,0.315753307245534,0.856906199289162,-0.342185625738376,0.47223217354343
"Gekko_auriverrucosus",-1.64524769089076,-0.363803682370289,-0.866073315595461,0.0939612290324729,0.680360966912252,0.138237229313703,0.137309766472322
"Gekko_chinensis",-0.892599451877422,0.203930958812789,1.21371242497108,0.279718293165937,-0.842673823152726,0.738003536810507,0.0116351220899493
"Gekko_gecko",-0.892599451877422,0.203930958812789,1.21371242497108,0.279718293165937,-0.842673823152726,0.738003536810507,0.0116351220899493
"Gekko_guishanicus",-1.64140488145268,-0.359024137403817,-0.866111911744006,0.0969990542881942,0.681807159017041,0.132113362454795,0.141473383166698
"Gekko_hokouensis",-0.542240451830509,-0.0437188927681643,1.68075538278364,-0.04466370928356,-0.280917291586151,1.05563433483996,-0.120722587057586
"Gekko_japonicus",-1.11555481780356,-0.682148624385003,-0.198575201497141,-0.347124292473054,1.49438807165269,0.546587145308078,-0.0207952498741671
"Gekko_kikuchii",-0.542240451830509,-0.0437188927681643,1.68075538278364,-0.04466370928356,-0.280917291586151,1.05563433483996,-0.120722587057586
"Gekko_kwangsiensis",-1.47951962192083,-0.225019790499749,-0.821369354092945,0.165716892303926,0.785092666349479,-0.0395497273025714,0.266424876773482
"Gekko_liboensis",-1.81627281789738,-0.186848921223096,-1.13266111712226,0.301639712425941,0.370875008519535,-0.0886744507508236,0.243920168420903
"Gekko_melli",-0.898975065067512,0.198444446663551,1.2120941752675,0.276828084946792,-0.846610131921038,0.745032052600824,0.00655756199408525
"Gekko_reevesii",-0.898975065067512,0.198444446663551,1.2120941752675,0.276828084946792,-0.846610131921038,0.745032052600824,0.00655756199408525
"Gekko_scabridus",-1.82264843108748,-0.192335433372334,-1.13427936682583,0.298749504206796,0.366938699751224,-0.0816459349605075,0.238842608325039
"Gekko_similignum",-1.54235227932103,-0.31816869663599,-0.810410112422489,0.102847548219518,0.770882172262379,0.0798059131242989,0.187109873975679
"Gekko_subpalmatus",-0.892599451877422,0.203930958812789,1.21371242497108,0.279718293165937,-0.842673823152726,0.738003536810507,0.0116351220899493
"Gekko_swinhonis",-1.24295845192434,0.451580810393743,0.746669467158525,0.604100295615434,-1.4044303547193,0.420372738781056,0.143992831237484
"Gekko_taibaiensis",-1.82264843108748,-0.192335433372334,-1.13427936682583,0.298749504206796,0.366938699751224,-0.0816459349605075,0.238842608325039
"Gekko_wenxianensis",-1.47228943104056,-0.439985284953288,-0.667236409013277,-0.0256324982427011,0.928695231317799,0.235984863068943,0.106484899177504
"Hemidactylus_aquilonius",-1.60772505849623,-0.334260067094388,-0.854658375982872,0.108554506132273,0.705255075740542,0.100392167309429,0.165135539858509
"Hemidactylus_bowringii",-0.892599451877422,0.203930958812789,1.21371242497108,0.279718293165937,-0.842673823152726,0.738003536810507,0.0116351220899493
"Hemidactylus_brookii",-0.191881451783596,-0.291368744349118,2.1477983405962,-0.369045711733057,0.280839239980424,1.37326513286941,-0.253080296205121
"Hemidactylus_frenatus",0.158477548263318,-0.539018595930071,2.61484129840875,-0.693427714182554,0.842595771546999,1.69089593089886,-0.385438005352656
"Hemidactylus_garnotii",-0.191881451783596,-0.291368744349118,2.1477983405962,-0.369045711733057,0.280839239980424,1.37326513286941,-0.253080296205121
"Hemidactylus_platyurus",-0.191881451783596,-0.291368744349118,2.1477983405962,-0.369045711733057,0.280839239980424,1.37326513286941,-0.253080296205121
"Hemidactylus_stejnegeri",-0.605996583731412,-0.0985840142605467,1.66457288574785,-0.0735657914750079,-0.320280379269266,1.12591949274312,-0.171498188016227
"Hemiphyllodactylus_changningensis",-1.6053107771487,-0.335966592165278,-0.851440039643877,0.106319229122448,0.709126071821236,0.102580922588964,0.164223478948544
"Hemiphyllodactylus_dushanensis",0.129094387726218,0.0262163451284311,-0.235923534762672,-0.712034553586998,-0.360802079952092,-0.311187590198541,-0.859294789065994
"Hemiphyllodactylus_hongkongensis",0.0777991097400824,-0.0100091492656384,-0.254394099139617,-0.728321989156954,-0.397451714197311,-0.264786242858273,-0.894216049367929
"Hemiphyllodactylus_huishuiensis",-1.60634434228836,-0.335236020798759,-0.852817824487009,0.107276161667696,0.707468880289331,0.101643906214097,0.164613936491013
"Hemiphyllodactylus_jinpingensis",-1.61111454227875,-0.390822526378004,-0.818581172531512,0.059814151735515,0.736908371651356,0.17288863985338,0.122248576831188
"Hemiphyllodactylus_longlingensis",-1.60042049592888,-0.382572782464463,-0.81521065213865,0.0638234562232284,0.744110360359304,0.162320932350294,0.130051445062342
"Hemiphyllodactylus_typus",-1.57238601426256,-0.35923932853283,-0.807549976475637,0.0758356379666578,0.761916782489705,0.132430073628484,0.151785247907663
"Hemiphyllodactylus_yunnanensis",-1.02011171567923,0.0942007158280243,1.18134743089951,0.221914128783041,-0.921399998518955,0.878573852616826,-0.0899160798273339
"Lepidodactylus_lugubris",-1.24295845192434,0.451580810393743,0.746669467158525,0.604100295615434,-1.4044303547193,0.420372738781056,0.143992831237484
"Lepidodactylus_yami",-1.24295845192434,0.451580810393743,0.746669467158525,0.604100295615434,-1.4044303547193,0.420372738781056,0.143992831237484
"Mediodactylus_russowii",-0.605996583731412,-0.0985840142605467,1.66457288574785,-0.0735657914750079,-0.320280379269266,1.12591949274312,-0.171498188016227
"Ptychozoon_bannaense",-1.44644773572399,-0.232883901151627,-0.787964327094553,0.148746934047676,0.828361008587696,-0.0294503721186038,0.265552034421949
"Tenuidactylus_dadunensis",-1.58062677823739,-0.366164212432033,-0.809756401391585,0.0722465777263807,0.75672407917412,0.141301105881128,0.145347138394715
"Tenuidactylus_elongatus",-0.0992789913376739,-0.112357019286964,-0.333791992839432,-0.764567757256426,-0.538255235055869,-0.133707590982892,-0.997758120588496
"Eremias_argus",1.49342540455269,-0.938361061133631,1.58292732951815,-1.97538952048007,1.82686015425977,0.925960127425434,-1.37486215430271
"Eremias_arguta",1.5893593278121,-0.306655359105999,1.22916185095609,-1.44869294269044,1.540645236475,0.116333224073867,-0.887075238444685
"Eremias_brenchleyi",0.506104536312854,-0.140546384898387,0.197980953116264,-0.973341430940132,0.180953647243164,-0.0972174245660785,-0.927013425901465
"Eremias_buechneri",1.51423772715531,-1.86747050278771,-0.609066668379045,-1.12230502959322,-0.88247268044389,0.639566419413267,0.840839676656697
"Eremias_grammica",0.44234840441195,-0.19541150639077,0.181798456080479,-1.00224351313158,0.14159055956005,-0.026932266662919,-0.977789026860106
"Eremias_kokshaaliensis",0.443365923621736,0.125696536845253,-0.0384381478198923,-0.720003667912172,-0.0592244389074161,-0.438509335195904,-0.737082955792328
"Eremias_multiocellata",1.6829899991305,-1.80687677133044,-0.507965637320616,-1.12026939320521,-0.725050977786419,0.562000868556916,0.911839090625466
"Eremias_przewalskii",2.05247583874768,-2.03806708646368,-0.0360679303973237,-1.43598077099728,-0.151485519914909,0.858546119215419,0.794714061765523
"Eremias_quadrifrons",0.546037425683192,0.211557724532861,-0.0106620544687685,-0.675653507013147,0.00573289629815095,-0.54850039731952,-0.657182169866419
"Eremias_roborowskii",0.208037799664503,0.0825866840076772,-0.207923772694685,-0.686423247436387,-0.30478789155832,-0.383393050453335,-0.805087034164552
"Eremias_stummeri",1.64770865894828,-1.76195212033296,-0.568758524787004,-1.07001773406383,-0.794192531402019,0.504398152559514,0.940139828523102
"Eremias_velox",1.20682253640668,-0.635846088060295,1.13206686874138,-1.62210543583913,1.30446671037631,0.538044171492823,-1.19172884419653
"Eremias_vermiculata",0.187323876808336,-0.4148719923603,0.117068467937341,-1.11785184189737,-0.0158617911724087,0.254208364949718,-1.18089143069467
"Eremias_yarkandensis",0.743221530945696,-2.31083023063762,-0.353329849535385,-0.668143429792102,1.35482803414187,1.15795341536409,1.94973268249016
"Lacerta_agilis",1.81280551487332,0.434780585906397,0.907761366465588,-0.86419220051791,1.33315649405646,-0.833863995084018,-0.297737120669376
"Takydromus_albomaculosus",0.466465683115734,0.141373510167778,-0.0296821072009678,-0.713228961538741,-0.0423196958639963,-0.458589484688492,-0.721833657637277
"Takydromus_amurensis",0.66579459147317,0.546024438621627,-0.139602028410018,-0.417742770959052,-0.0658981828584931,-0.977129485820804,-0.388450909084797
"Takydromus_formosanus",-0.449637991384587,0.13529283229399,-0.800834950651989,-0.440185754806929,-1.10001176662244,-0.451338389012343,-0.865400411440961
"Takydromus_hsuehshanensis",0.0537357252244948,0.0193192722947544,-0.294953999953549,-0.695202759996952,-0.443783824616394,-0.302391969950474,-0.875896678287756
"Takydromus_intermedius",-0.765087188075615,0.313661201797554,1.24607741904265,0.337522457548833,-0.763947647786497,0.597433221004189,0.113186324007232
"Takydromus_kuehnei",-0.918101904637783,0.181984910215836,1.20723942615677,0.268157460289358,-0.858419058225972,0.766117599971771,-0.00867511829350736
"Takydromus_luyeanus",-0.0355228594367706,-0.0574918977945813,-0.317609495803647,-0.735665675064978,-0.498892147372755,-0.203992748886051,-0.946982519629854
"Takydromus_sauteri",-0.892599451877422,0.203930958812789,1.21371242497108,0.279718293165937,-0.842673823152726,0.738003536810507,0.0116351220899493
"Takydromus_septentrionalis",-0.159703660425087,0.285471836186131,1.77785036499835,0.128748783865127,-0.0447387654874629,0.633923387421002,0.183931018694264
"Takydromus_sexlineatus",-0.516737999070147,-0.0217728441712114,1.68722838159795,-0.0331028764069809,-0.265172056512905,1.02752027167869,-0.100412346674129
"Takydromus_stejnegeri",-0.0737765385773127,-0.0904109706900108,-0.327318994025118,-0.753006924379847,-0.522509999982624,-0.161821654144155,-0.977447880205039
"Takydromus_sylvaticus",-0.414728188028702,0.0660113502166009,1.71312037685521,0.0131404550993359,-0.202191116219922,0.91506401903364,-0.0191713851403026
"Takydromus_viridipunctatus",-0.385881859483684,0.190157953786372,-0.784652453616204,-0.411283672615481,-1.06064867893933,-0.521623546915502,-0.814624810482319
"Takydromus_wolteri",0.120823319938889,0.526878370752614,1.8490533519558,0.255917945507498,0.128458820318242,0.324668692647101,0.407343662912287
"Takydromus_yunkaiensis",0.167887426863348,0.0501100934921327,-0.219543197555716,-0.702798764018809,-0.330881845634725,-0.341790227705594,-0.83550872627388
"Zootoca_vivipara",2.76624479062974,-1.97298574553806,0.523215260519206,-1.59562090495552,0.63464061144542,0.775551517196862,0.951777278082245
"Ablepharus_alaicus",0.743221530945696,-2.31083023063762,-0.353329849535385,-0.668143429792102,1.35482803414187,1.15795341536409,1.94973268249016
"Ablepharus_deserti",0.305417064563788,0.101239635405438,-0.138350750444356,-0.699602636475124,-0.20368527889806,-0.407243627653967,-0.776337010141028
"Ateuchosaurus_chinensis",0.952996910435293,1.34232550512641,-0.44482001586473,0.195660053404925,-0.234023837593922,-1.99761186288185,0.251662809649154
"Emoia_atrocostata",-0.456013604574677,0.129806320144752,-0.802453200355567,-0.443075963026074,-1.10394807539076,-0.444309873222027,-0.870477971536825
"Eutropis_cumingi",0.357653843853955,0.148968277915876,-0.127003802068096,-0.673479474454708,-0.173180790165145,-0.468388485464045,-0.73265553098943
"Eutropis_longicaudata",-0.841103725221615,0.1031794178213,-0.50702968835901,0.260498115452633,1.31838979938063,-0.459838200172334,0.609163348668055
"Eutropis_multicarinata",-0.396082840587828,0.181379534347591,-0.78724165314193,-0.415908005766113,-1.06694677296863,-0.510377921650996,-0.822748906635702
"Eutropis_multifasciata",2.36488088506211,-1.76922799115101,0.0432263050780208,-1.29436056825918,0.0413936097323526,0.514148845489938,1.04351450646287
"Lygosoma_bowringii",0.101085796480797,-0.0541222902111,-0.204311587728623,-0.774214543529461,-0.342719212641351,-0.20823077987432,-0.92372895516284
"Plestiodon_capito",0.410770063869555,0.326563952652097,-0.204332016553156,-0.533351099724843,-0.223350533590952,-0.695988854208167,-0.591553312919363
"Plestiodon_chinensis",2.80740117252742,1.29067648118756,1.16020832022383,-0.413319718331323,1.94722066191305,-1.9303124583733,0.494362254285433
"Plestiodon_elegans",1.1624929694841,-0.124843653315905,0.742699896700587,-1.15899343887068,0.93165299968869,-0.116955384471792,-0.81564825044752
"Plestiodon_leucostictus",0.578840850515769,0.23872249460898,-0.00160324688842633,-0.661719306272559,0.0266551361370185,-0.583299189469105,-0.631854563472919
"Plestiodon_liui",0.601439008756153,-0.607656722448871,0.600293922785683,-1.41333176215542,0.585257828077281,0.50155400507601,-1.26247353888357
"Plestiodon_quadrilineatus",-0.449637991384587,0.13529283229399,-0.800834950651989,-0.440185754806929,-1.10001176662244,-0.451338389012343,-0.865400411440961
"Plestiodon_tamdaoensis",1.38653860736144,1.71540833127461,-0.334779036021395,0.39219421230677,0.0336451586512585,-2.47555093662333,0.596936896167916
"Plestiodon_tunganus",0.697972382831679,1.12286501915688,-0.509550004007868,0.0800517246391328,-0.39147618832638,-1.71647123126921,0.0485604058145875
"Scincella_barbouri",-0.0415987472188039,0.486429609845238,-0.697266969622969,-0.255212428781663,-0.848088005450511,-0.901163399592563,-0.540436565305655
"Scincella_doriae",-0.194613463780972,0.35475331826352,-0.736104962508851,-0.324577426041138,-0.942559415889986,-0.73247902062498,-0.662298007606395
"Scincella_formosensis",0.315435591426257,0.79367429020258,-0.606644986222575,-0.0933607685095546,-0.627654714425068,-1.29476028385025,-0.256093199937262
"Scincella_himalayanus",0.899389027565495,-1.38290172610863,-1.46308879909225,-0.5090780951551,-1.89973605490762,0.0181099777721212,1.1105462276743
"Scincella_huanrenensis",1.13018622504677,-1.18428998630621,-1.40450815982271,-0.404452557622059,-1.75724167749474,-0.236322293837316,1.29435390314458
"Scincella_ladacensis",0.551953135242985,-2.47542559511477,-0.401877340642738,-0.754849676366446,1.23673877109253,1.36880888907357,1.79740587961424
"Scincella_modesta",0.455699081608244,0.914377557485822,-0.571043492743849,-0.0297761876883692,-0.541055921522216,-1.44938763123721,-0.14438687782825
"Scincella_monticola",0.761129063916468,0.078914101071143,0.262710941259401,-0.85773310217434,0.338405997975623,-0.378358056178716,-0.723911022066898
"Scincella_potanini",2.22461739488012,-1.88993125843425,0.00762481159929463,-1.35794514908037,-0.0452051831704996,0.668776192876888,0.931808184353855
"Scincella_przewalskii",1.17354039473938,-1.14698170369139,-1.39350406183838,-0.384799141731875,-1.73047477787023,-0.284116201211464,1.32888131179646
"Scincella_reevesii",1.51114816840611,-1.40560457957082,-0.929697603432977,-0.714961560619661,-1.17659086384027,0.0475716283986188,1.1863684824572
"Scincella_schmidti",0.803754829714139,-1.46519940834721,-1.48736254464593,-0.552431218442273,-1.95878068643229,0.12353771462686,1.03438282623634
"Scincella_sikimmensis",-0.0671011999791654,0.464483561248285,-0.703739968437282,-0.266773261658242,-0.863833240523756,-0.873049336431299,-0.560746805689111
"Scincella_tsinlingensis",2.84395105054306,0.290484479409034,-0.969522639500824,0.372435411684061,-0.69916188057262,-2.12558733827424,2.65920205691287
"Sphenomorphus_courcyanum",0.311310498104145,0.24097436312398,-0.22957671192898,-0.578438347943502,-0.284756950376611,-0.586344007879238,-0.670763250414844
"Sphenomorphus_incognitus",0.967937760513533,-1.74727461407546,-0.195807716638422,3.97524462850289,0.289471328272339,-0.00236036978235276,-2.41489075267334
"Sphenomorphus_indicus",2.0466996763737,-0.944737559034805,-0.793764628332387,-0.472184070211499,-0.845940927302109,-0.54282369798792,1.61288353050979
"Sphenomorphus_maculatus",0.410770063869555,0.326563952652097,-0.204332016553156,-0.533351099724843,-0.223350533590952,-0.695988854208167,-0.591553312919363
"Sphenomorphus_taiwanensis",-1.05532432840865,-0.0811673903931059,-0.561402878399246,0.163387119289368,1.18612982476537,-0.223680069617719,0.43855732944702
"Sphenomorphus_tonkinensis",0.44234840441195,-0.19541150639077,0.181798456080479,-1.00224351313158,0.14159055956005,-0.026932266662919,-0.977789026860106
"Tropidophorus_berdmorei",2.60386737301768,-3.01857612576236,-0.785240328417653,4.03641165801623,-0.333119065438819,0.150804786437894,-0.21045390924419
"Tropidophorus_guangxiensis",2.73745552460152,-3.45276739041741,-0.373217860526763,3.61376257611582,0.0948029680051664,0.707405121338087,-0.515448661651107
"Tropidophorus_hainanus",0.967937760513533,-1.74727461407546,-0.195807716638422,3.97524462850289,0.289471328272339,-0.00236036978235276,-2.41489075267334
"Tropidophorus_sinicus",2.28508671351316,-3.29290173322427,-0.866152813596576,3.891901247059,-0.529934503854392,0.502230575953691,-0.464331914037398
"Shinisaurus_crocodilurus",2.51460878835642,-3.09538729585169,-0.807895824267751,3.99594874294821,-0.388227388195179,0.249204007502317,-0.281539750586289
"Teratoscincus_przewalskii",-0.0992789913376739,-0.112357019286964,-0.333791992839432,-0.764567757256426,-0.538255235055869,-0.133707590982892,-0.997758120588496
"Teratoscincus_roborowskii",-0.0992789913376739,-0.112357019286964,-0.333791992839432,-0.764567757256426,-0.538255235055869,-0.133707590982892,-0.997758120588496
"Teratoscincus_scincus",-0.0992789913376739,-0.112357019286964,-0.333791992839432,-0.764567757256426,-0.538255235055869,-0.133707590982892,-0.997758120588496
"Varanus_irrawadicus",3.62288021004287,0.894133996711946,2.12342273051335,-1.01005997528571,3.14158728287581,-1.42156414654009,0.321042917715917
"Varanus_nebulosus",1.96520981428317,1.42629397814714,0.354045025352833,-0.038054730122485,0.886037351510017,-2.1046380763898,0.468161468442745
"Varanus_salvator",2.51661231488938,-1.51286820138867,0.953505409562627,3.71087831675016,1.93651345759091,-0.301891373835471,-2.00429067821848
"Plestiodon_popei",-0.449637991384587,0.13529283229399,-0.800834950651989,-0.440185754806929,-1.10001176662244,-0.451338389012343,-0.865400411440961
